{
    "transactions": 1,
    "totalAmount": 10623762.376237,
    "bundleDetected": false,
    "transactionDetails": {
        "5kQx44DyHJjNQ796W39jSnfmUATtngnYbuxMQJVz38PNfM7DMoKgeWLyihXnyDrBTnMNddwdQJDmxjGP69mf4fXA": {
            "amounts": [
                10623762.376237
            ],
            "amountsPercentages": [
                1.0623762376237
            ]
        }
    },
    "developerInfo": {
        "bundledAmount": 10623762.376237,
        "percentageOfSupply": 0.010623762376237
    }
}